combined,amount,substance,embedding,similarity
"44 Milton Avenue #305

Alpharetta, GA 30009

678.827.1693

Purchase Order

Vendor

Bill to

Order date

PO#

SOPUS Products
P.O. Box 7247-6236
Philadelphia, PA 19170-6236 
mark.tremblay@shell.com

Environmental Exchange Group
Bradlee Williams
44 MIlton Ave #305
Alpharetta, GA 30009
bradlee@goeeg.com

March 21, 2024

SP0001

Ship to

Due date

ATC Drivetrain Knoxville
3015 E Governor John Sevier Hwy
Knoxville, TN 37914

March 26, 2024

Item

Qty (GAL)

Unit price

Total price

310013VX0A NISSAN CVT ATF NS-3

5,000

$12.50

$62,500.00

Notes:

Terms: Net 30

$0.00

$0.00

$0.00

Subtotal

$62,500.00

No tax
$0.00
$62,500.00",44.0,unknown,"[0.0018197450553998351, -0.005268856883049011, -0.03336942568421364, -0.011628531850874424, -0.017590297386050224, 0.02198101207613945, -0.03282058611512184, -0.00680560665205121, -0.015079358592629433, 0.0014055429492145777, 0.03526291996240616, 0.010901319794356823, -0.01484610140323639, 0.007320143282413483, 0.011992137879133224, 0.012952606193721294, -0.006675257347524166, -0.022022174671292305, -0.010770970024168491, -0.009343988262116909, -0.01682192273437977, -0.000456651410786435, -0.01749425008893013, -0.017645182088017464, -0.011511903256177902, -0.018852628767490387, 0.010606318712234497, -0.029911737889051437, 0.005203681997954845, -0.013405398465692997, 0.0021902115549892187, -0.010160386562347412, -0.021514497697353363, -0.017974484711885452, -0.0015324620762839913, 0.011566787026822567, -0.00594118470326066, -0.018015647307038307, 0.023915670812129974, -0.013467143289744854, 0.005961766466498375, 0.01274679135531187, 0.004894960206001997, -0.018344951793551445, -0.026989169418811798, 0.014283541589975357, -0.0029654470272362232, 0.0004429304099176079, 0.013474003411829472, 0.013961098156869411, -0.017535414546728134, 0.027730103582143784, -0.009632128290832043, -0.014928427524864674, 0.01930542103946209, 0.010146665386855602, 0.020595192909240723, 0.018152857199311256, -0.00824631005525589, -0.017672624439001083, 0.0009750472381711006, -0.02181635983288288, -0.028210336342453957, 0.0004519348149187863, -0.023997996002435684, -0.0019912573043257, -0.03630571439862251, 0.00458966800943017, -0.019717050716280937, -0.004219201859086752, 0.006345953792333603, 0.035592224448919296, 0.002411462366580963, -0.039516426622867584, 0.006229325197637081, -0.024203810840845108, -9.631485590944067e-05, 0.00015554018318653107, -0.022378919646143913, 0.02676963433623314, 0.016506340354681015, -0.024999627843499184, 0.00908328965306282, 0.007512236945331097, 0.04733738303184509, 0.012918303720653057, -0.0019689607433974743, 0.017864717170596123, -0.02960987761616707, 0.015806570649147034, 0.011841206811368465, 0.03828153759241104, 0.007532818708568811, -0.0031352441292256117, 0.004445597995072603, 0.010928761214017868, -0.014393309131264687, 0.045169468969106674, -0.01164225209504366, -0.03797967731952667, 0.0015641918871551752, 0.01732959970831871, -0.004071701318025589, -0.004792052786797285, -0.029006153345108032, 0.011258064769208431, 0.0009253086755052209, -0.00735444575548172, 0.005704497918486595, -0.010839574970304966, -0.00618473207578063, 0.028978712856769562, 0.012266556732356548, 0.0030203310307115316, -0.008177705109119415, 0.007766075432300568, -2.6611200155457482e-05, -0.015065637417137623, -0.013144699856638908, -0.00823258887976408, 0.009515500627458096, 0.007896424271166325, 0.02041682042181492, 0.009385150857269764, 0.026248237118124962, 0.02398427575826645, -0.0032947505824267864, -0.01192353293299675, 0.011374693363904953, -0.003505710745230317, -0.001755428034812212, 0.02228287234902382, 0.0023428574204444885, 0.012060741893947124, -0.035647109150886536, 0.020855890586972237, -0.04267225041985512, 0.029911737889051437, -0.009968292899429798, -0.016094710677862167, -0.0021816359367221594, 0.022392641752958298, 0.01555959228426218, 0.010009455494582653, -0.025219162926077843, 0.0221182219684124, 0.01822146214544773, -0.002404602011665702, -0.007958169095218182, -0.012444930151104927, 0.004709726665169001, -0.02195356972515583, 0.01151876337826252, 0.026316842064261436, 0.014489356428384781, -0.007491655647754669, 0.00011662834003800526, 0.029747087508440018, -0.0163828507065773, -0.021377287805080414, 0.0028968420810997486, 0.005958335939794779, 0.005570718087255955, -0.0031781222205609083, -0.0006277348729781806, 0.010496550239622593, 0.0037629790604114532, -0.007951308973133564, -0.015202847309410572, -0.016849365085363388, -0.015367498621344566, 0.0070868865586817265, -0.012918303720653057, -0.010228991508483887, 0.00014321274647954851, 0.036086179316043854, 0.012390045449137688, 0.000900439394172281, -0.013487724587321281, -0.008376658894121647, 0.002006693510338664, 0.0055467067286372185, 0.03468663990497589, 0.03435733541846275, 0.022749386727809906, 0.013823888264596462, 0.03493361920118332, -0.009920269250869751, 0.02373729646205902, -0.018852628767490387, 0.02259845659136772, 0.01673959754407406, -0.011937253177165985, -0.032354071736335754, -0.6261157989501953, -0.02730475179851055, -0.01822146214544773, -0.018097974359989166, -0.0038864677771925926, 0.01857820898294449, 0.02392939105629921, -0.014146331697702408, -0.01469517033547163, 0.004270655568689108, -0.009796780534088612, 0.01900355890393257, -0.024862417951226234, 0.017425645142793655, -0.0063596745021641254, -0.019675886258482933, -0.008260030299425125, -0.008657938800752163, 0.033698730170726776, 0.010956203565001488, -0.017837274819612503, 0.003704664995893836, 0.004466179292649031, 0.0021764906123280525, 0.03122895210981369, -0.0026910274755209684, 0.010242712683975697, -0.009494919329881668, -0.00041120065725408494, 0.0019981178920716047, -3.3686079405015334e-05, 0.03526291996240616, 0.010338759049773216, 0.0006766158621758223, 0.037458278238773346, -0.0067472923547029495, -0.017425645142793655, 0.008630497381091118, 0.027263589203357697, 0.027236146852374077, -0.024725208058953285, -0.023339388892054558, 0.010023176670074463, -0.014214936643838882, -0.0009416023385711014, -0.011937253177165985, 0.031887561082839966, -0.020485425367951393, -0.011292367242276669, -0.0037321068812161684, 0.004157457035034895, 0.021528219804167747, -0.021541940048336983, -0.002030705101788044, 0.005159088876098394, -0.015175404958426952, 0.027963358908891678, -0.020073795691132545, 0.010139805264770985, -0.003965363372117281, 0.0024800673127174377, 0.004318678751587868, -4.451279164641164e-05, -0.021994732320308685, -0.028759175911545753, 0.005752521101385355, -0.0009527506190352142, -0.003814432770013809, 0.011662834323942661, 0.0020101238042116165, 0.020238447934389114, 0.033890824764966965, -0.014777496457099915, 0.018619371578097343, 0.006146999541670084, 0.005611881148070097, 0.00858247373253107, 0.010009455494582653, -0.0029551563784480095, 0.009844804182648659, -0.0010933906305581331, 0.009275383315980434, 0.006647815462201834, -0.03147593140602112, 0.010050619021058083, -0.007251538336277008, -0.016396572813391685, 0.002488642930984497, 0.02128124237060547, 0.006356244441121817, 0.02906103804707527, 0.012342022731900215, 0.018427276983857155, -0.011621670797467232, -0.014681450091302395, -0.0023359970655292273, -0.013309351168572903, 0.020375655964016914, 0.007217235863208771, -0.061360228806734085, -0.00931654591113329, -0.01483238022774458, 0.01621820032596588, -0.00569763733074069, 0.02908848039805889, 0.005001297686249018, -0.014640286564826965, -0.00410257326439023, 0.011820625513792038, -0.013185862451791763, -0.009577244520187378, 0.014859822578728199, -0.02777126617729664, -0.025836607441306114, 0.002797364955767989, -0.026138469576835632, 0.0053477524779737, 0.007532818708568811, -0.004088852554559708, -0.029884297400712967, -0.0014921566471457481, 0.0038350143004208803, 0.007484795060008764, 0.007423050701618195, -0.015340057201683521, 0.0015478981658816338, 0.004397574346512556, -0.010784691199660301, 0.020704960450530052, 0.0004026250389870256, 0.0005895734066143632, -0.010942482389509678, 0.024972185492515564, -0.014489356428384781, 0.029115920886397362, 0.00884317234158516, 0.024505672976374626, -0.01857820898294449, 0.025864049792289734, -0.010709226131439209, -0.010139805264770985, -0.009865385480225086, 0.002622422529384494, -0.01338481716811657, 0.007704331073909998, -0.03251872584223747, 0.010510271415114403, -0.00047037238255143166, -0.02627567946910858, -0.002289688680320978, 0.0041883294470608234, 0.009611546993255615, 0.0010007740929722786, 0.027510566636919975, -0.015093078836798668, -0.018948674201965332, -0.014640286564826965, -0.02395683340728283, -0.01925053633749485, -0.010112362913787365, 0.00047037238255143166, 0.010832714848220348, -0.03540012985467911, -0.022392641752958298, 0.0020221294835209846, -0.0023651542142033577, 0.014029703103005886, 0.014132610522210598, -0.02170659229159355, -0.022365199401974678, 0.017453087493777275, -0.02568567730486393, -0.0015178835019469261, 0.011580508202314377, 0.0022176536731421947, 0.02320217899978161, -0.0067026992328464985, 0.008033634163439274, 0.007635726127773523, -0.019991468638181686, 0.023188458755612373, 0.028265221044421196, -0.007121189031749964, 0.015065637417137623, 0.0291708055883646, -0.005371764302253723, 0.023325668647885323, 0.029719645157456398, -0.02125380001962185, 0.03518059477210045, -0.034000590443611145, 0.014297261834144592, -0.020801007747650146, 0.028292663395404816, 0.012012719176709652, 0.02936290018260479, -0.017933322116732597, -0.004016817081719637, -0.008253170177340508, 0.016670992597937584, 0.04538900405168533, 0.007052584085613489, 0.023504041135311127, -0.010578876361250877, 0.013041792437434196, -0.009090149775147438, 0.012417487800121307, -0.02033449336886406, 0.03328710049390793, 0.02095193788409233, 0.0032844599336385727, -0.002390880836173892, -0.0024714916944503784, 0.0061264182440936565, 0.009652710519731045, 0.0067472923547029495, 0.001992972567677498, 0.016849365085363388, 0.01741192489862442, -0.0191133264452219, 0.01103166863322258, 0.014118889346718788, 0.021541940048336983, -0.02189868502318859, -0.013494584709405899, 0.011251204647123814, 0.0445108637213707, 0.02259845659136772, 0.007347585167735815, -0.00533403130248189, -0.0035331526305526495, 0.003155825659632683, 0.019744491204619408, 0.014900985173881054, 0.03435733541846275, -0.018454719334840775, 0.02565823495388031, -0.009371429681777954, 0.008651078678667545, 0.014036563225090504, 0.02290031686425209, 0.0071829333901405334, 0.04536156356334686, -0.014015981927514076, -0.0040408289059996605, -0.0013412259286269546, 0.02655009925365448, -0.00030293353484012187, -0.011326669715344906, -0.010592597536742687, -0.009488058276474476, -0.02409404329955578, -0.017864717170596123, -0.003015185473486781, 0.008404101245105267, 0.0055021136067807674, -0.020073795691132545, 0.002713324036449194, 0.02652265690267086, -0.00025019352324306965, 0.0032758843153715134, -0.003059778828173876, 0.008081657811999321, 0.02454683557152748, -0.0037561184726655483, -0.0014552815118804574, -0.012609581463038921, 6.914087862242013e-05, -0.006678687408566475, -0.013666097074747086, 0.005615311674773693, -0.02417636848986149, 0.005913742817938328, 0.0019363734172657132, 0.011148297227919102, -0.0030494879465550184, -0.007347585167735815, -0.023023806512355804, 0.00533403130248189, 0.012547837570309639, -0.028484756126999855, -0.02641288936138153, 0.014214936643838882, 0.03306756541132927, -0.00930282473564148, 0.017041457816958427, 0.0015556162688881159, 0.0077180517837405205, -0.021459614858031273, 0.006171011365950108, 0.010901319794356823, 0.024697765707969666, -0.018070532009005547, 0.02576800249516964, -0.02016984298825264, -0.0072789802215993404, 0.009961431846022606, -0.021665429696440697, 0.010764109902083874, -0.00908328965306282, 0.008376658894121647, -0.002514369785785675, -0.008952939882874489, 0.016451455652713776, 0.044840164482593536, 0.002308555180206895, -0.0004883811925537884, -0.030131274834275246, 0.01459912396967411, -0.03342431038618088, 0.012671326287090778, -0.004387283697724342, -0.039351772516965866, 0.01919565163552761, 0.02301008440554142, -0.00871968362480402, -0.004198620095849037, -0.028841502964496613, 0.026646144688129425, -0.000517538283020258, -0.003363355528563261, -0.013645515777170658, -0.020677518099546432, -0.0007795232231728733, 0.07140398770570755, 0.0494229756295681, 0.02195356972515583, 0.019291698932647705, -0.01857820898294449, 0.0010402218904346228, -0.021541940048336983, -0.001633654348552227, 0.013028071261942387, 0.008006192743778229, -0.0048126340843737125, 0.011800043284893036, -0.004658272955566645, -0.011848066933453083, 0.03432989493012428, -0.006953107193112373, -0.002219368703663349, -0.011601089499890804, 0.019209373742341995, -0.007889564149081707, -0.011463879607617855, -0.01469517033547163, -0.015079358592629433, 0.028045685961842537, 0.01654750294983387, 0.012540976516902447, 0.043248530477285385, 0.012602721340954304, 0.03309500589966774, 0.012060741893947124, 0.004788622260093689, 0.00136352248955518, 0.0046274010092020035, 0.03260105103254318, -0.008294332772493362, -0.012088184244930744, 0.009131313301622868, -0.013028071261942387, 0.017068900167942047, 0.030488019809126854, 0.015244009904563427, 0.013295630924403667, -0.01641029305756092, -0.02950011007487774, 0.03965363651514053, 0.0010299311252310872, -0.01819402165710926, 0.018907511606812477, 0.021967289969325066, -0.010215270332992077, 0.02495846524834633, -0.006243046373128891, 0.0049532740376889706, 0.0029585864394903183, 0.0018694836180657148, 0.02376473881304264, -0.005855428520590067, -0.01291144359856844, -0.014118889346718788, -0.032244306057691574, 0.014187494292855263, -0.021692870184779167, 0.01668471284210682, -0.006479733157902956, -0.017055179923772812, -0.004709726665169001, -0.006486593745648861, -0.006404268089681864, -0.022159384563565254, 0.0069839791394770145, 0.02376473881304264, -0.019291698932647705, -0.014091447927057743, 0.007601423654705286, 0.03111918456852436, 0.008349216543138027, 0.010770970024168491, -0.00013356517592910677, -0.01925053633749485, 0.026124747470021248, 0.012252836488187313, -0.01652006059885025, 0.0018163148779422045, 0.0035005651880055666, 0.015436103567481041, 0.0454164482653141, 0.028100568801164627, -0.030158717185258865, 0.017617739737033844, -0.0002900701074395329, 0.010304456576704979, -0.02541125752031803, 0.008417821489274502, -0.0034885595086961985, -0.02019728347659111, -0.011223762296140194, 0.010503411293029785, 0.03636059910058975, -0.008273751474916935, 0.017068900167942047, -0.001666241674683988, -0.017110062763094902, 0.024780090898275375, -0.0362233892083168, 0.0032878899946808815, -0.0022125081159174442, 0.009549803100526333, -0.008067936636507511, -0.018687976524233818, -0.014256099238991737, -0.009172475896775723, 0.011203180998563766, -0.0032741690520197153, -0.03279314562678337, -0.023339388892054558, 0.002998034469783306, 0.0021730603184551, 0.003298180876299739, -0.024642882868647575, 0.005567288026213646, 0.0020855891052633524, -0.02746940404176712, 0.02265333943068981, 0.007134910207241774, -0.00885689351707697, 0.03268337622284889, 0.015669360756874084, -0.016245640814304352, -0.0027356205973774195, 0.015614476054906845, 0.008280612528324127, 0.01547726709395647, -0.01300748996436596, -0.015490987338125706, -0.0014587118057534099, -0.015230288729071617, -0.03715641796588898, -0.005532985553145409, -0.002114746253937483, -0.022378919646143913, -0.001794018317013979, 0.01560075581073761, -0.013638654723763466, 0.012451790273189545, 0.007601423654705286, -0.01897611655294895, 0.00582112604752183, -0.0037664093542844057, -0.006565489340573549, 0.03723874315619469, -0.007635726127773523, 0.0012897722190245986, -0.01203330047428608, -0.005265426356345415, -0.025081953033804893, -0.03312245011329651, -0.013789585791528225, -0.012794815003871918, 0.0405043363571167, -0.0022982642985880375, 0.04256248474121094, 0.01190981175750494, 0.005117925815284252, 0.004692575428634882, -0.020636355504393578, -0.013933655805885792, -0.0058279866352677345, 0.028512198477983475, -0.017041457816958427, 0.005615311674773693, 0.025534745305776596, 0.0277163814753294, 0.00029264279874041677, 0.0002480496186763048, -0.012609581463038921, 0.02939034067094326, -0.013556329533457756, -0.02546614035964012, -0.00020334922010079026, -0.044895049184560776, -0.019456351175904274, -0.020746123045682907, -0.0019192221807315946, -0.002610416617244482, -0.03693688288331032, -0.03347919508814812, 0.0364978089928627, 0.021569382399320602, 0.009254802018404007, 0.008712822571396828, 0.014434471726417542, -0.0010325037874281406, 0.012808536179363728, 0.01068178378045559, 0.00730642257258296, -0.014818659983575344, -0.006044092122465372, -0.025534745305776596, -0.024478230625391006, 0.010064339265227318, -0.003907049540430307, -0.003958503250032663, -0.006102406419813633, -0.004325539339333773, -0.005999499000608921, 0.00025019352324306965, -0.01239690650254488, -0.01555959228426218, -0.001691968529485166, -0.017480529844760895, -0.0004377850564196706, -0.009186197072267532, 0.009783059358596802, -0.011374693363904953, -0.03509826958179474, 0.012328301556408405, 0.003804141888394952, 0.010359340347349644, -0.021967289969325066, -0.032408956438302994, 0.01741192489862442, -0.01673959754407406, 0.009975153021514416, 0.01933286152780056, 0.031832676380872726, 0.037540603429079056, 0.006767874117940664, -0.021912407130002975, -0.01189609058201313, -0.014530519023537636, -0.0016645265277475119, 0.010331898927688599, 0.0007906715618446469, -0.01348086353391409, -0.012458650395274162, -0.007649446837604046, 0.013631794601678848, -0.012321441434323788, -0.018043089658021927, 0.016533782705664635, 0.002238234970718622, 0.012513535097241402, -0.014763775281608105, -0.005313450004905462, -0.032244306057691574, 0.050301115959882736, -0.005615311674773693, 0.0015719098737463355, -0.022324036806821823, 0.005701067857444286, -0.004160887561738491, 0.011697136797010899, -0.024780090898275375, 0.03800711780786514, 0.019936585798859596, -0.010853296145796776, 0.015408662147819996, -0.01090817991644144, -0.008033634163439274, -0.004994437098503113, 0.0010642335982993245, 0.03454943001270294, -0.019428908824920654, 0.022941479459404945, 0.004925832152366638, 0.00035310088424012065, -0.018825186416506767, -0.006966827902942896, 0.0064660124480724335, 0.026316842064261436, 0.008877474814653397, -0.02370985597372055, 0.021994732320308685, 0.002238234970718622, 0.025918932631611824, 0.00036746502155438066, -0.02487613819539547, -0.014420751482248306, -0.0315856970846653, -0.006376825738698244, 0.002320560859516263, 0.01579284854233265, 0.003332483349367976, -0.0014930142788216472, -0.0022845433559268713, -0.029801970347762108, -0.020046353340148926, -0.007814099080860615, 0.03155825659632683, -0.01949751377105713, -0.025424977764487267, -0.011717718094587326, -0.01090817991644144, -0.004623970482498407, 0.009954571723937988, 0.0005428363219834864, 0.010901319794356823, 0.024615440517663956, -0.01743936724960804, -0.006538047455251217, 0.011415855959057808, 0.003368500852957368, -0.04190387576818466, 0.011580508202314377, -0.018152857199311256, -0.016369130462408066, -0.00034795550163835287, 0.0022279443219304085, -0.02081472799181938, -0.026618702337145805, -0.0043221088126301765, 0.005052751395851374, -0.007155491504818201, 0.005375194363296032, 0.017782391980290413, 0.001806024112738669, 0.01554587110877037, -0.01643773540854454, -0.010956203565001488, -0.005114495754241943, -0.006740431766957045, 0.0004999582306481898, 0.011388414539396763, -0.0014938717940822244, 0.0313112773001194, 0.011758880689740181, -0.007663168013095856, -0.013151559978723526, 0.003937921486794949, -0.003721815999597311, 0.024505672976374626, 0.01654750294983387, -0.011354112066328526, -0.019511235877871513, -0.019579840824007988, -0.005714788567274809, -0.006483163684606552, 0.018756581470370293, -0.0027853590436279774, -0.011402135714888573, 0.005625602323561907, 0.02395683340728283, 0.01713750511407852, 0.015394940972328186, 0.0075259581208229065, -0.010880737565457821, -0.01337109599262476, -0.0186605341732502, -0.035701993852853775, -0.026248237118124962, 0.01662982814013958, 0.014873543754220009, -0.028347546234726906, -0.03339686617255211, -0.01323388610035181, -0.010091781616210938, -0.020595192909240723, -0.028567083179950714, -0.013981679454445839, -0.006256767548620701, 0.030707554891705513, 0.014077726751565933, -0.0009921984747052193, 0.006040662061423063, -0.012499813921749592, 0.00777979614213109, -0.021240077912807465, 0.005165949463844299, 0.039763402193784714, -0.008898056112229824, 0.009687012992799282, -0.02379218116402626, -0.02752428874373436, -0.015984943136572838, 0.0181116946041584, 0.012431208975613117, -0.0013832463882863522, 0.0257131177932024, -0.016067268326878548, -0.0067541529424488544, -0.013130978681147099, -0.011374693363904953, -0.00458966800943017, 0.009920269250869751, 0.0023840204812586308, -0.03106430172920227, -0.008644217625260353, -0.015285172499716282, 0.01348086353391409, -0.02685195952653885, -0.013686678372323513, 0.01384446956217289, -0.010318177752196789, 0.014228657819330692, -0.033835940062999725, -0.007272120099514723, 0.0005638465518131852, 0.0029688773211091757, 0.0030580635648220778, 0.025918932631611824, -0.0035125711001455784, 0.004630831070244312, 0.01892123371362686, -0.01544982474297285, 0.017055179923772812, -0.007375027518719435, -0.03454943001270294, -0.017864717170596123, 0.012561557814478874, -0.004071701318025589, 0.006908514071255922, -0.023558923974633217, 0.007601423654705286, 0.005361473187804222, -0.016808202490210533, -0.014187494292855263, 0.010105502791702747, -0.044949933886528015, 0.007772935554385185, 0.021912407130002975, -0.052469030022621155, -0.011690275743603706, -0.008294332772493362, 0.0017125499434769154, 0.010112362913787365, -0.015161683782935143, 0.000839123735204339, -0.034055475145578384, 0.007128049619495869, 0.0026378585025668144, -5.2257641073083505e-05, -0.027345914393663406, 0.02181635983288288, 0.003363355528563261, -0.030213600024580956, 0.01373470202088356, 0.19428908824920654, -0.0009801925625652075, -0.0031609709840267897, 0.01003003679215908, -0.01274679135531187, -0.005128216464072466, 0.008987242355942726, 0.0038864677771925926, -0.012890861369669437, -0.0106955049559474, -0.020018910989165306, 0.018687976524233818, -0.03109174221754074, -0.007327003870159388, 0.010633760131895542, -0.005841707810759544, -0.04431876912713051, -0.02655009925365448, -0.01760401949286461, 0.01291144359856844, 0.0007477934705093503, 0.012842838652431965, -0.005244845058768988, -0.010228991508483887, 0.018742859363555908, -0.01115515735000372, -0.021596824750304222, 0.0015153108397498727, 0.02231031470000744, 0.0023051248863339424, -0.04198620095849037, 0.025136837735772133, 0.03427501022815704, 0.00018137421284336597, 0.017206110060214996, -0.00392077025026083, 0.02460171841084957, 0.008781427517533302, 0.025589630007743835, 0.010112362913787365, 0.01719238981604576, -0.016245640814304352, -0.00831491407006979, -0.015257731080055237, -0.02089705504477024, -0.0015290317824110389, -0.010791551321744919, -0.02465660311281681, -0.028704293072223663, 0.0005681343609467149, -0.026042422279715538, -0.018880069255828857, -0.0025761141441762447, 0.03874805197119713, 0.01003003679215908, -0.009343988262116909, -0.00367722287774086, -0.002816231455653906, 0.006579210516065359, 0.02362752892076969, 0.011162018403410912, 0.023805901408195496, -0.005704497918486595, 0.011655973270535469, -0.010928761214017868, 0.0016748172929510474, -0.0009982013143599033, -0.0052928682416677475, 0.011655973270535469, -0.029801970347762108, 0.03435733541846275, -0.019881701096892357, -0.0002489071630407125, 0.013830749318003654, -0.015353777445852757, -0.016972852870821953, 0.02379218116402626, 0.024587998166680336, 0.005395775660872459, 0.030707554891705513, -0.0155870346352458, 0.005169379524886608, -0.01370725966989994, -0.004668563604354858, 0.017741229385137558, -0.03836386278271675, 0.030734997242689133, -0.00819142535328865, 0.00347140827216208, -0.012156789191067219, -0.002963731996715069, -0.015724243596196175, -0.013192723505198956, 0.010283875279128551, -0.014338425360620022, 0.0020907344296574593, 0.016080990433692932, 0.012664465233683586, -0.03710153326392174, 0.008404101245105267, -0.0221182219684124, 0.05856114625930786, -0.024450788274407387, 0.014997032471001148, 0.00130606594029814, -0.0039893751963973045, 0.024780090898275375, 0.023051248863339424, 0.013213304802775383, -0.020801007747650146, 0.0010565154952928424, -0.027318473905324936, 0.0050561814568936825, 0.011415855959057808, 0.028320105746388435, -0.00042792310705408454, 0.011703996919095516, -0.035756874829530716, 0.031915001571178436, -0.005625602323561907, 0.027702661231160164, -0.02919824793934822, -0.026948006823658943, 0.036031294614076614, 0.01057201623916626, -0.015161683782935143, -0.026481494307518005, -0.01582029089331627, -0.01587517559528351, -0.03474152460694313, -0.011278646066784859, 0.0327657014131546, 0.01568308100104332, -0.03169546648859978, -0.0399554967880249, -0.015010753646492958, 0.01621820032596588, -0.003272454021498561, -0.017288435250520706, 0.016396572813391685, 0.00041763237095437944, 0.006877641659229994, 0.008959800936281681, -0.012657605111598969, 0.01721983030438423, -0.032024770975112915, 0.027647776529192924, -0.008019912987947464, -0.02144589275121689, -0.03526291996240616, -0.020663797855377197, -0.01116887852549553, -0.0030700694769620895, 0.015381219796836376, 0.012513535097241402, 0.0005861431709490716, -0.02460171841084957, -0.02777126617729664, 0.010366201400756836, 0.00870596244931221, -0.04033968597650528, -0.03529036417603493, 0.013672957196831703, -0.019648445770144463, -0.02668730728328228, 0.006102406419813633, -0.17650669813156128, 0.012918303720653057, -0.022776829078793526, 0.0067987460643053055, 0.01735704019665718, 0.025301489979028702, 0.022159384563565254, -0.001241748803295195, -0.013158421032130718, 0.00028020815807394683, 0.020101238042116165, -0.025754282251000404, -0.004507342353463173, -0.03479640930891037, 0.015271452255547047, -0.009398872032761574, -0.019319141283631325, 0.01630052551627159, 0.008362937718629837, -0.0037149556446820498, 0.020320773124694824, -0.009638989344239235, 0.002680736593902111, -0.016396572813391685, 0.009371429681777954, 0.0267147496342659, -0.028759175911545753, 0.007080026436597109, -0.013069234788417816, -0.013254467397928238, -0.006740431766957045, -0.004826355259865522, 0.01802936941385269, 0.008486426435410976, 0.01846844144165516, -0.03144848719239235, -0.003407948650419712, 0.004280946217477322, -0.008664799854159355, 0.041409920901060104, 0.014064005576074123, 0.01816657930612564, -0.016972852870821953, 0.0026653006207197905, -0.02298264391720295, 0.00577310286462307, 0.013590632006525993, 0.0002999320568051189, 0.014036563225090504, -0.03350663557648659, 0.006068103946745396, -0.043440625071525574, -0.011491321958601475, 0.025328930467367172, 0.0104210851714015, 0.021075427532196045, 0.012390045449137688, 0.002456055721268058, 0.022351477295160294, -0.028402430936694145, -0.02217310480773449, 0.004510772414505482, 0.016424015164375305, -0.002963731996715069, 0.0025109394919127226, -0.023325668647885323, -0.027153821662068367, -0.011463879607617855, -0.01763145998120308, 0.008260030299425125, 0.007148630917072296, -0.04333085939288139, 0.023449156433343887, -0.009337127208709717, 0.009467476978898048, -0.0004054121091030538, -0.03243640065193176, 0.02782614901661873, -0.0010144950356334448, -0.018207741901278496, -0.02022472582757473, 0.02582288719713688, -0.02025216817855835, 0.004428446758538485, -0.003917340189218521, -0.0014878688380122185, 0.014132610522210598, 0.005035600159317255, 0.029774527996778488, 0.022694502025842667, 0.015244009904563427, -0.010201549157500267, 0.020993100479245186, -0.01337109599262476, 0.0382266528904438, -0.0028522489592432976, 0.019511235877871513, -0.0018506173510104418, 0.0057833935134112835, 0.0012297428911551833, 0.008753986097872257, -0.020238447934389114, -0.0033101867884397507, 0.016917970031499863, 0.04017503187060356, 0.014667728915810585, -0.014283541589975357, 0.019127046689391136, 0.015065637417137623, -0.021432172507047653, -0.03674478828907013, 0.012053881771862507, 0.018989838659763336, 0.013288769870996475, 0.02392939105629921, -0.0012263127136975527, 0.008198286406695843, -0.037815023213624954, -0.00309922662563622, 0.006469442509114742, 0.02952755056321621, 0.0065551986917853355, 0.015010753646492958, 0.012307720258831978, -0.0005299728945828974, -0.006143569480627775, -0.059439290314912796, -0.004795482847839594, 0.01469517033547163, 0.032161980867385864, -0.02576800249516964, 0.021322404965758324, -0.01824890449643135, 0.037375953048467636, -0.018125416710972786, 0.0362233892083168, -0.006785025354474783, -0.02922569029033184, -0.022886596620082855, 0.0020392807200551033, 0.05068530514836311, 0.00946061685681343, 0.0017211255617439747, -0.018070532009005547, -0.015532150864601135, 0.01459912396967411, 0.009817361831665039, -0.032491281628608704, 0.011463879607617855, -0.016067268326878548, -0.04272713512182236, -0.009501779451966286, -0.022886596620082855, -0.0028779758140444756, 0.023943111300468445, 0.007601423654705286, 0.02638544701039791, -0.011848066933453083, 0.008616776205599308, -0.010126084089279175, -0.022461246699094772, -0.012664465233683586, -0.033808495849370956, 0.0024354741908609867, -0.003958503250032663, -0.0191133264452219, -0.00966643076390028, -0.004836645908653736, 0.012252836488187313, -0.014228657819330692, -0.003445681417360902, -0.015051916241645813, -0.006822757888585329, 0.009446895681321621, 0.007395608816295862, 0.002737335627898574, 0.0038796074222773314, -0.010290735401213169, -0.02365497127175331, -0.01338481716811657, -0.01989542320370674, 0.0002199644804932177, 0.005176240112632513, 0.007443631999194622, -0.009405732154846191, -0.0034473964478820562, 0.01093562226742506, 0.02306496910750866, -0.011957835406064987, -0.010359340347349644, 0.02958243526518345, 0.012088184244930744, -0.02565823495388031, -0.024917300790548325, 0.022022174671292305, 0.010963063687086105, -0.004147166386246681, 0.02582288719713688, -0.005491822492331266, 0.028594523668289185, -0.017727507278323174, -0.007896424271166325, -0.0016996865160763264, -0.01846844144165516, -0.0033702158834785223, -0.0031798372510820627, -0.002951726084575057, -0.03679967299103737, -0.014077726751565933, -0.0075259581208229065, -0.01138155348598957, 0.013549468480050564, 0.0025246604345738888, 0.0001730130024952814, 0.023188458755612373, -0.03990061208605766, 0.028031963855028152, 0.014050284400582314, 0.013659236952662468, -0.02081472799181938, -0.010297596454620361, -0.007409329991787672, -0.018454719334840775, -0.003663501935079694, 0.0045313541777431965, 0.003087220713496208, -0.05299042910337448, -0.018893791362643242, -0.09478453546762466, 0.030021507292985916, 0.025370093062520027, -0.01201957929879427, -0.01995030604302883, -0.015779128298163414, 0.03679967299103737, -0.028731733560562134, 0.011127715930342674, -0.008362937718629837, -0.03792479261755943, 0.01155992690473795, -0.020732402801513672, -0.01635541021823883, -0.02222798950970173, 0.005114495754241943, 0.019799375906586647, -0.004260364454239607, 0.028402430936694145, 0.01557331345975399, 0.007395608816295862, -0.01903100125491619, -0.019127046689391136, 0.00428437627851963, -0.014516797848045826, 0.02398427575826645, -0.02033449336886406, 0.011264925822615623, -0.009673291817307472, -0.007553400006145239, 0.022420082241296768, -0.016053548082709312, 0.011477600783109665, 0.035564783960580826, -0.010318177752196789, -0.00873340480029583, 0.007011421490460634, -0.0020101238042116165, 0.0035194316878914833, -0.03312245011329651, -0.01649262011051178, -0.004071701318025589, -0.003759548766538501, -0.0013515165774151683, -0.011422717012465, 0.021322404965758324, 0.021349847316741943, 0.013913074508309364, -0.0030700694769620895, 0.001980966655537486, 0.00917933601886034, 0.03427501022815704, -0.009494919329881668, -0.0026464341208338737, 0.011107134632766247, -0.014256099238991737, -0.00527228694409132, 0.004256934393197298, 0.03468663990497589, -0.022104499861598015, 0.04108061641454697, 0.03630571439862251, 0.026179632171988487, -0.007272120099514723, 0.029774527996778488, 0.02178891748189926, -0.027167541906237602, 0.012026440352201462, 0.0049155415035784245, -0.048736926168203354, -0.043221089988946915, -0.028128011152148247, 0.020801007747650146, 0.010791551321744919, 0.0037389672361314297, -0.013439700938761234, -0.021473335102200508, -0.009062708355486393, -0.014503076672554016, 0.010475968942046165, 0.004980715923011303, -0.00015307469584513456, -0.025342652574181557, 0.011594229377806187, 0.005978917703032494, -0.010078060440719128, 0.009000963531434536, -0.003335913410410285, 0.020855890586972237, 0.02276310697197914, -0.02657753974199295, 0.004061410203576088, -0.008726543746888638, -0.01654750294983387, -0.0011902950936928391, 0.0023291364777833223, 0.033973149955272675, -0.003497135126963258, 0.01830378919839859, 0.02741451933979988, 0.002675591269508004, -0.002591550350189209, -0.01019468903541565, 0.004661703482270241, -0.023517761379480362, 0.003112947568297386, -0.0405043363571167, -0.037540603429079056, -0.004623970482498407, -0.0032055641058832407, 0.018784023821353912, -0.004925832152366638, 0.027894753962755203, 0.016451455652713776, -0.02303752675652504, 0.027867311611771584, 0.005124786403030157, -0.0055467067286372185, -0.02200845442712307, 0.03636059910058975, 0.00038397309253923595, 0.028814060613512993, 0.03512571007013321, 0.0005698495078831911, -0.0014964444562792778, -0.001099393586628139, 0.0028573942836374044, 0.008973521180450916, 0.004449028056114912, -0.006579210516065359, 0.01587517559528351, -0.0032381515484303236, -0.023751018568873405, -0.01903100125491619, -0.011937253177165985, 0.01660238765180111, -0.01153248455375433, 0.011957835406064987, 0.016039825975894928, 0.09335755556821823, 0.02314729429781437, -0.012239115312695503, 0.0012511819368228316, 0.007134910207241774, 0.022968921810388565, 0.021692870184779167, -0.0047234478406608105, -0.013336793519556522, -0.028704293072223663, 0.023613808676600456, -0.012787953950464725, 0.018962396308779716, -0.013213304802775383, 0.0068947928957641125, -0.020910775288939476, 0.00545408995822072, 0.027085216715931892, -0.009837943129241467, 0.005320310592651367, 0.037293627858161926, -0.0034250998869538307, -0.001452708849683404, 0.020801007747650146, -0.035811759531497955, -0.025424977764487267, -0.0069496771320700645, -0.02008751593530178, -0.005581009201705456, -0.047062963247299194, -0.009783059358596802, 0.012197951786220074, -0.028868943452835083, -0.016904247924685478, 0.004051119554787874, -0.010716086253523827, -0.005611881148070097, -0.01989542320370674, 0.035482458770275116, -0.011724578216671944, 0.006239616312086582, 0.04182155057787895, 0.0020392807200551033, -0.009398872032761574, -0.017700064927339554, -0.003625769168138504, -0.012918303720653057, 0.004709726665169001, -0.015532150864601135]",0.7336990557595289
